{"cameraMode":{"drawMode":0,"name":"Shaded","section":"Shading Mode"},"sceneLighting":true,"audioPlay":false,"sceneViewState":{"showFog":true,"showMaterialUpdate":false,"showSkybox":true,"showFlares":true,"showImageEffects":true,"showParticleSystems":true},"in2DMode":false,"pivot":{"x":-13.650411605834961,"y":2.346754789352417,"z":57.56830596923828},"rotation":{"x":-0.05659177899360657,"y":-0.5848044157028198,"z":0.040948785841464999,"w":-0.808165967464447},"size":25.741029739379884,"orthographic":false}